id,subreddit,title,body,score,num_comments,created_utc,created_date,month,year
1kwo0r3,fitness,Tri-Annual Protein Megathread,"**Welcome to the Tri-Annual Protein Megathread**
        
This thread is for sharing your favorite brands of protein, whether it be because they're delicious, cheap, high quality, or gave you great service.",120,170,1748354455.0,2025-05-27,5,2025
1mrnmc2,fitness,Gym Story Saturday,Hi! Welcome to your weekly thread where you can share your gym tales!,108,94,1755327644.0,2025-08-16,8,2025
1l5evlz,fitness,Gym Story Saturday,Hi! Welcome to your weekly thread where you can share your gym tales!,98,118,1749280388.0,2025-06-07,6,2025
1mv9kxu,fitness,"Rant Wednesday - August 20, 2025","Welcome to Rant Wednesday: It’s your time to let your gym/fitness/nutrition related frustrations out!

There is no guiding question to help stir up some rage-feels, feel free to fire at will, ranting about anything and everything that’s been pissing you off or getting on your nerves. Just don't forget that other people are allowed to tell you that your rant is stupid.",96,274,1755680473.0,2025-08-20,8,2025
1m3q4x6,fitness,Gym Story Saturday,Hi! Welcome to your weekly thread where you can share your gym tales!,94,127,1752909797.0,2025-07-19,7,2025
1lgq981,fitness,Gym Story Saturday,Hi! Welcome to your weekly thread where you can share your gym tales!,98,124,1750488667.0,2025-06-21,6,2025
1q8yijo,fitness,Gym Story Saturday,Hi! Welcome to your weekly thread where you can share your gym tales!,92,143,1768032367.0,2026-01-10,1,2026
1oli9ue,fitness,Gym Story Saturday,Hi! Welcome to your weekly thread where you can share your gym tales!,88,75,1761984163.0,2025-11-01,11,2025
1lxtxrm,fitness,Gym Story Saturday,Hi! Welcome to your weekly thread where you can share your gym tales!,83,87,1752302969.0,2025-07-12,7,2025
1rn4mg8,fitness,Gym Story Saturday,Hi! Welcome to your weekly thread where you can share your gym tales!,77,119,1772871666.0,2026-03-07,3,2026
1plggdq,fitness,Gym Story Saturday,Hi! Welcome to your weekly thread where you can share your gym tales!,79,90,1765614039.0,2025-12-13,12,2025
1l30rmn,fitness,Rant Wednesday,"Welcome to Rant Wednesday: It’s your time to let your gym/fitness/nutrition related frustrations out!

There is no guiding question to help stir up some rage-feels, feel free to fire at will, ranting about anything and everything that’s been pissing you off or getting on your nerves.",80,351,1749027639.0,2025-06-04,6,2025
1qrw7id,fitness,Gym Story Saturday,Hi! Welcome to your weekly thread where you can share your gym tales!,77,87,1769845479.0,2026-01-31,1,2026
1rald31,fitness,Gym Story Saturday,Hi! Welcome to your weekly thread where you can share your gym tales!,75,140,1771660433.0,2026-02-21,2,2026
1kon46q,fitness,Gym Story Saturday,Hi! Welcome to your weekly thread where you can share your gym tales!,77,140,1747466189.0,2025-05-17,5,2025
1n1bwpi,fitness,"Rant Wednesday - August 27, 2025","Welcome to Rant Wednesday: It’s your time to let your gym/fitness/nutrition related frustrations out!

There is no guiding question to help stir up some rage-feels, feel free to fire at will, ranting about anything and everything that’s been pissing you off or getting on your nerves. Just don't forget that other people are allowed to tell you that your rant is stupid.",75,320,1756285238.0,2025-08-27,8,2025
1nj7zi8,fitness,"Rant Wednesday - September 17, 2025","Welcome to Rant Wednesday: It’s your time to let your gym/fitness/nutrition related frustrations out!

There is no guiding question to help stir up some rage-feels, feel free to fire at will, ranting about anything and everything that’s been pissing you off or getting on your nerves. Just don't forget that other people are allowed to tell you that your rant is stupid.",75,214,1758099642.0,2025-09-17,9,2025
1o3ovut,fitness,Gym Story Saturday,Hi! Welcome to your weekly thread where you can share your gym tales!,67,65,1760165882.0,2025-10-11,10,2025
1kzqexv,fitness,Gym Story Saturday,Hi! Welcome to your weekly thread where you can share your gym tales!,70,81,1748672934.0,2025-05-31,5,2025
1rzlvox,fitness,Gym Story Saturday,Hi! Welcome to your weekly thread where you can share your gym tales!,70,72,1774080289.0,2026-03-21,3,2026
1q2p898,fitness,Gym Story Saturday,Hi! Welcome to your weekly thread where you can share your gym tales!,71,79,1767428149.0,2026-01-03,1,2026
1l8ntxx,fitness,Rant Wednesday,"Welcome to Rant Wednesday: It’s your time to let your gym/fitness/nutrition related frustrations out!

There is no guiding question to help stir up some rage-feels, feel free to fire at will, ranting about anything and everything that’s been pissing you off or getting on your nerves.",68,329,1749632440.0,2025-06-11,6,2025
1ku5tuf,fitness,Gym Story Saturday,Hi! Welcome to your weekly thread where you can share your gym tales!,68,92,1748071291.0,2025-05-24,5,2025
1k8081s,fitness,Gym Story Saturday,Hi! Welcome to your weekly thread where you can share your gym tales!,69,101,1745627294.0,2025-04-26,4,2025
1rgx1w3,fitness,Gym Story Saturday,Hi! Welcome to your weekly thread where you can share your gym tales!,68,74,1772266242.0,2026-02-28,2,2026
1qy7tp6,fitness,Gym Story Saturday,Hi! Welcome to your weekly thread where you can share your gym tales!,65,119,1770450330.0,2026-02-07,2,2026
1m17ol1,fitness,"Rant Wednesday - July 16, 2025","Welcome to Rant Wednesday: It’s your time to let your gym/fitness/nutrition related frustrations out!

There is no guiding question to help stir up some rage-feels, feel free to fire at will, ranting about anything and everything that’s been pissing you off or getting on your nerves. Just don't forget that other people are allowed to tell you that your rant is stupid.",66,233,1752656447.0,2025-07-16,7,2025
1k5uimq,fitness,Rant Wednesday,"Welcome to Rant Wednesday: It’s your time to let your gym/fitness/nutrition related frustrations out!

There is no guiding question to help stir up some rage-feels, feel free to fire at will, ranting about anything and everything that’s been pissing you off or getting on your nerves.",64,369,1745398840.0,2025-04-23,4,2025
1mxuwt3,fitness,Gym Story Saturday,Hi! Welcome to your weekly thread where you can share your gym tales!,66,97,1755933645.0,2025-08-23,8,2025
1lmgudo,fitness,Gym Story Saturday,Hi! Welcome to your weekly thread where you can share your gym tales!,64,123,1751095316.0,2025-06-28,6,2025
1mizl29,fitness,"Rant Wednesday - August 06, 2025","Welcome to Rant Wednesday: It’s your time to let your gym/fitness/nutrition related frustrations out!

There is no guiding question to help stir up some rage-feels, feel free to fire at will, ranting about anything and everything that’s been pissing you off or getting on your nerves. Just don't forget that other people are allowed to tell you that your rant is stupid.",62,204,1754470834.0,2025-08-06,8,2025
1k2qivf,fitness,Gym Story Saturday,Hi! Welcome to your weekly thread where you can share your gym tales!,65,122,1745046479.0,2025-04-19,4,2025
1mqsau4,fitness,Monthly Fitness Pro-Tips Megathread,"**Welcome to the Monthly Fitness Pro-Tips Megathread!**

This thread is for sharing quick tips (don't you dare call them hacks, that word is stupid) about training, equipment use, nutrition, or other fitness connected topics that have improved your fitness experience.

This is **not** a questions thread. Do not ask for help or advice in here.",59,49,1755248463.0,2025-08-15,8,2025
1mljpcd,fitness,Gym Story Saturday,Hi! Welcome to your weekly thread where you can share your gym tales!,62,74,1754725230.0,2025-08-09,8,2025
1m748p3,fitness,"Rant Wednesday - July 23, 2025","Welcome to Rant Wednesday: It’s your time to let your gym/fitness/nutrition related frustrations out!

There is no guiding question to help stir up some rage-feels, feel free to fire at will, ranting about anything and everything that’s been pissing you off or getting on your nerves. Just don't forget that other people are allowed to tell you that your rant is stupid.",63,228,1753261297.0,2025-07-23,7,2025
1pr9dia,fitness,Gym Story Saturday,Hi! Welcome to your weekly thread where you can share your gym tales!,57,50,1766218597.0,2025-12-20,12,2025
1n9sbso,fitness,Gym Story Saturday,Hi! Welcome to your weekly thread where you can share your gym tales!,58,82,1757139732.0,2025-09-06,9,2025
1m9n6jq,fitness,Gym Story Saturday,Hi! Welcome to your weekly thread where you can share your gym tales!,59,99,1753514474.0,2025-07-26,7,2025
1kbbwff,fitness,Rant Wednesday,"Welcome to Rant Wednesday: It’s your time to let your gym/fitness/nutrition related frustrations out!

There is no guiding question to help stir up some rage-feels, feel free to fire at will, ranting about anything and everything that’s been pissing you off or getting on your nerves.",60,233,1746003659.0,2025-04-30,4,2025
1o9okkz,fitness,Gym Story Saturday,Hi! Welcome to your weekly thread where you can share your gym tales!,59,58,1760769183.0,2025-10-18,10,2025
1r4f4za,fitness,Gym Story Saturday,Hi! Welcome to your weekly thread where you can share your gym tales!,59,112,1771056652.0,2026-02-14,2,2026
1kxccba,fitness,Rant Wednesday,"Welcome to Rant Wednesday: It’s your time to let your gym/fitness/nutrition related frustrations out!

There is no guiding question to help stir up some rage-feels, feel free to fire at will, ranting about anything and everything that’s been pissing you off or getting on your nerves.",58,302,1748422837.0,2025-05-28,5,2025
1krt6am,fitness,Rant Wednesday,"Welcome to Rant Wednesday: It’s your time to let your gym/fitness/nutrition related frustrations out!

There is no guiding question to help stir up some rage-feels, feel free to fire at will, ranting about anything and everything that’s been pissing you off or getting on your nerves.",61,290,1747818027.0,2025-05-21,5,2025
1k0furk,fitness,Rant Wednesday,"Welcome to Rant Wednesday: It’s your time to let your gym/fitness/nutrition related frustrations out!

There is no guiding question to help stir up some rage-feels, feel free to fire at will, ranting about anything and everything that’s been pissing you off or getting on your nerves.",57,360,1744794042.0,2025-04-16,4,2025
1s5ug26,fitness,Gym Story Saturday,Hi! Welcome to your weekly thread where you can share your gym tales!,57,65,1774684956.0,2026-03-28,3,2026
1nhgr3v,fitness,Monthly Fitness Pro-Tips Megathread,"**Welcome to the Monthly Fitness Pro-Tips Megathread!**

This thread is for sharing quick tips (don't you dare call them hacks, that word is stupid) about training, equipment use, nutrition, or other fitness connected topics that have improved your fitness experience.

This is **not** a questions thread. Do not ask for help or advice in here.",61,55,1757926873.0,2025-09-15,9,2025
1qf7xkf,fitness,Gym Story Saturday,Hi! Welcome to your weekly thread where you can share your gym tales!,54,120,1768638491.0,2026-01-17,1,2026
1pwso4w,fitness,Gym Story Saturday,Hi! Welcome to your weekly thread where you can share your gym tales!,56,117,1766823390.0,2025-12-27,12,2025
1p9kt2i,fitness,Gym Story Saturday,Hi! Welcome to your weekly thread where you can share your gym tales!,59,73,1764408598.0,2025-11-29,11,2025
1orjvig,fitness,Gym Story Saturday,Hi! Welcome to your weekly thread where you can share your gym tales!,56,52,1762589139.0,2025-11-08,11,2025
1lvdyaa,fitness,"Rant Wednesday - July 09, 2025","Welcome to Rant Wednesday: It’s your time to let your gym/fitness/nutrition related frustrations out!

There is no guiding question to help stir up some rage-feels, feel free to fire at will, ranting about anything and everything that’s been pissing you off or getting on your nerves. Just don't forget that other people are allowed to tell you that your rant is stupid.",55,264,1752051630.0,2025-07-09,7,2025
1ls36ef,fitness,Gym Story Saturday,Hi! Welcome to your weekly thread where you can share your gym tales!,56,54,1751696280.0,2025-07-05,7,2025
1sibkmk,fitness,Gym Story Saturday,Hi! Welcome to your weekly thread where you can share your gym tales!,52,138,1775889526.0,2026-04-11,4,2026
1nxnqrl,fitness,Gym Story Saturday,Hi! Welcome to your weekly thread where you can share your gym tales!,55,54,1759563481.0,2025-10-04,10,2025
1lk0oum,fitness,"Rant Wednesday - June 25, 2025","Welcome to Rant Wednesday: It’s your time to let your gym/fitness/nutrition related frustrations out!

There is no guiding question to help stir up some rage-feels, feel free to fire at will, ranting about anything and everything that’s been pissing you off or getting on your nerves. Just don't forget that other people are allowed to tell you that your rant is stupid.",57,201,1750842048.0,2025-06-25,6,2025
1lb14tp,fitness,Gym Story Saturday,"
Hi! Welcome to your weekly thread where you can share your gym tales!",55,69,1749879319.0,2025-06-14,6,2025
1r7z037,fitness,"Rant Wednesday - February 18, 2026","Welcome to Rant Wednesday: It’s your time to let your gym/fitness/nutrition related frustrations out!

There is no guiding question to help stir up some rage-feels, feel free to fire at will, ranting about anything and everything that’s been pissing you off or getting on your nerves. Just don't forget that other people are allowed to tell you that your rant is stupid.",54,186,1771408854.0,2026-02-18,2,2026
1md1ko6,fitness,"Rant Wednesday - July 30, 2025","Welcome to Rant Wednesday: It’s your time to let your gym/fitness/nutrition related frustrations out!

There is no guiding question to help stir up some rage-feels, feel free to fire at will, ranting about anything and everything that’s been pissing you off or getting on your nerves. Just don't forget that other people are allowed to tell you that your rant is stupid.",56,236,1753866037.0,2025-07-30,7,2025
1m8u859,fitness,Physique Phriday,"**Welcome to the Physique Phriday thread**

What's the point of having people guess your body fat? Nevermind that it's the most inaccurate method available, (read: most likely way wrong - [see here](http://web.archive.org/web/20130301185720/https://paindatabase.com/body-fat/)) you're still just putting an arbitrary number to the body you have. Despite people's claim that they are shooting for a number, they're really shooting for look - like a six pack.

So let's stopping mucking around with trivialities and get to the heart of the matter. This thread shall serve two purposes:

1. **Physique critiques.** Post some pics and ask about muscles or body parts you need to work on. Or specifically ask about a lagging body part and what exercises worked for others.
2. An outlet for people that want to show off their efforts that would otherwise be removed due to [Rule 4](https://old.reddit.com/r/Fitness/wiki/rules#wiki_rule_.234), and

Let's keep things civil, don't be a creep, and adhere to [Rule 1](http://www.reddit.com/r/Fitness/wiki/rules#wiki_1._hate_speech_and_discriminatory_remarks_are_not_allowed.). This isn't a thread to announce what you find attractive in a mate. Please use the report function for any comments that are out of line.

So phittit, what's your physique pheel like this phriday?",57,44,1753434039.0,2025-07-25,7,2025
1nlrk7o,fitness,Gym Story Saturday,Hi! Welcome to your weekly thread where you can share your gym tales!,55,61,1758352303.0,2025-09-20,9,2025
1mozb38,fitness,"Rant Wednesday - August 13, 2025","Welcome to Rant Wednesday: It’s your time to let your gym/fitness/nutrition related frustrations out!

There is no guiding question to help stir up some rage-feels, feel free to fire at will, ranting about anything and everything that’s been pissing you off or getting on your nerves. Just don't forget that other people are allowed to tell you that your rant is stupid.",54,236,1755075644.0,2025-08-13,8,2025
1mfkcwo,fitness,Gym Story Saturday,Hi! Welcome to your weekly thread where you can share your gym tales!,56,85,1754118940.0,2025-08-02,8,2025
1kmai8l,fitness,Rant Wednesday,"Welcome to Rant Wednesday: It’s your time to let your gym/fitness/nutrition related frustrations out!

There is no guiding question to help stir up some rage-feels, feel free to fire at will, ranting about anything and everything that’s been pissing you off or getting on your nerves.",56,318,1747213240.0,2025-05-14,5,2025
1rkhjf4,fitness,"Rant Wednesday - March 04, 2026","Welcome to Rant Wednesday: It’s your time to let your gym/fitness/nutrition related frustrations out!

There is no guiding question to help stir up some rage-feels, feel free to fire at will, ranting about anything and everything that’s been pissing you off or getting on your nerves. Just don't forget that other people are allowed to tell you that your rant is stupid.",51,147,1772618460.0,2026-03-04,3,2026
1n32at3,fitness,Physique Phriday,"**Welcome to the Physique Phriday thread**

What's the point of having people guess your body fat? Nevermind that it's the most inaccurate method available, (read: most likely way wrong - [see here](http://web.archive.org/web/20130301185720/https://paindatabase.com/body-fat/)) you're still just putting an arbitrary number to the body you have. Despite people's claim that they are shooting for a number, they're really shooting for look - like a six pack.

So let's stopping mucking around with trivialities and get to the heart of the matter. This thread shall serve two purposes:

1. **Physique critiques.** Post some pics and ask about muscles or body parts you need to work on. Or specifically ask about a lagging body part and what exercises worked for others.
2. An outlet for people that want to show off their efforts that would otherwise be removed due to [Rule 4](https://old.reddit.com/r/Fitness/wiki/rules#wiki_rule_.234), and

Let's keep things civil, don't be a creep, and adhere to [Rule 1](http://www.reddit.com/r/Fitness/wiki/rules#wiki_1._hate_speech_and_discriminatory_remarks_are_not_allowed.). This isn't a thread to announce what you find attractive in a mate. Please use the report function for any comments that are out of line.

So phittit, what's your physique pheel like this phriday?",55,34,1756458042.0,2025-08-29,8,2025
1kdidf1,fitness,Gym Story Saturday,Hi! Welcome to your weekly thread where you can share your gym tales!,52,100,1746238969.0,2025-05-03,5,2025
1re97my,fitness,"Rant Wednesday - February 25, 2026","Welcome to Rant Wednesday: It’s your time to let your gym/fitness/nutrition related frustrations out!

There is no guiding question to help stir up some rage-feels, feel free to fire at will, ranting about anything and everything that’s been pissing you off or getting on your nerves. Just don't forget that other people are allowed to tell you that your rant is stupid.",52,256,1772013648.0,2026-02-25,2,2026
1r1tdu6,fitness,"Rant Wednesday - February 11, 2026","Welcome to Rant Wednesday: It’s your time to let your gym/fitness/nutrition related frustrations out!

There is no guiding question to help stir up some rage-feels, feel free to fire at will, ranting about anything and everything that’s been pissing you off or getting on your nerves. Just don't forget that other people are allowed to tell you that your rant is stupid.",51,277,1770804050.0,2026-02-11,2,2026
1pfjxy4,fitness,Gym Story Saturday,Hi! Welcome to your weekly thread where you can share your gym tales!,51,89,1765008208.0,2025-12-06,12,2025
1ooyw7t,fitness,"Rant Wednesday - November 05, 2025","Welcome to Rant Wednesday: It’s your time to let your gym/fitness/nutrition related frustrations out!

There is no guiding question to help stir up some rage-feels, feel free to fire at will, ranting about anything and everything that’s been pissing you off or getting on your nerves. Just don't forget that other people are allowed to tell you that your rant is stupid.",48,186,1762336853.0,2025-11-05,11,2025
1n3uo22,fitness,Gym Story Saturday,Hi! Welcome to your weekly thread where you can share your gym tales!,48,62,1756535677.0,2025-08-30,8,2025
1rqolso,fitness,"Rant Wednesday - March 11, 2026","Welcome to Rant Wednesday: It’s your time to let your gym/fitness/nutrition related frustrations out!

There is no guiding question to help stir up some rage-feels, feel free to fire at will, ranting about anything and everything that’s been pissing you off or getting on your nerves. Just don't forget that other people are allowed to tell you that your rant is stupid.",53,375,1773219636.0,2026-03-11,3,2026
1mgelkq,fitness,Victory Sunday,"**Welcome to the Victory Sunday Thread**

It is Sunday, 6:00 am here in the eastern half of Hyder, Alaska. It's time to ask yourself: What was the one, best thing you did on behalf of your fitness this week? What was your Fitness Victory?

**We want to hear about it!**

**So let's hear your fitness Victory this week! Don't forget to upvote your favorite Victories!**",46,55,1754211630.0,2025-08-03,8,2025
1m2xbuz,fitness,Physique Phriday,"**Welcome to the Physique Phriday thread**

What's the point of having people guess your body fat? Nevermind that it's the most inaccurate method available, (read: most likely way wrong - [see here](http://web.archive.org/web/20130301185720/https://paindatabase.com/body-fat/)) you're still just putting an arbitrary number to the body you have. Despite people's claim that they are shooting for a number, they're really shooting for look - like a six pack.

So let's stopping mucking around with trivialities and get to the heart of the matter. This thread shall serve two purposes:

1. **Physique critiques.** Post some pics and ask about muscles or body parts you need to work on. Or specifically ask about a lagging body part and what exercises worked for others.
2. An outlet for people that want to show off their efforts that would otherwise be removed due to [Rule 4](https://old.reddit.com/r/Fitness/wiki/rules#wiki_rule_.234), and

Let's keep things civil, don't be a creep, and adhere to [Rule 1](http://www.reddit.com/r/Fitness/wiki/rules#wiki_1._hate_speech_and_discriminatory_remarks_are_not_allowed.). This isn't a thread to announce what you find attractive in a mate. Please use the report function for any comments that are out of line.

So phittit, what's your physique pheel like this phriday?",49,63,1752829239.0,2025-07-18,7,2025
1qitxrf,fitness,"Rant Wednesday - January 21, 2026","Welcome to Rant Wednesday: It’s your time to let your gym/fitness/nutrition related frustrations out!

There is no guiding question to help stir up some rage-feels, feel free to fire at will, ranting about anything and everything that’s been pissing you off or getting on your nerves. Just don't forget that other people are allowed to tell you that your rant is stupid.",48,177,1768989627.0,2026-01-21,1,2026
1oxmbhg,fitness,Gym Story Saturday,Hi! Welcome to your weekly thread where you can share your gym tales!,48,69,1763194539.0,2025-11-15,11,2025
1n79qm5,fitness,"Rant Wednesday - September 03, 2025","Welcome to Rant Wednesday: It’s your time to let your gym/fitness/nutrition related frustrations out!

There is no guiding question to help stir up some rage-feels, feel free to fire at will, ranting about anything and everything that’s been pissing you off or getting on your nerves. Just don't forget that other people are allowed to tell you that your rant is stupid.",49,140,1756890075.0,2025-09-03,9,2025
1np77dh,fitness,"Rant Wednesday - September 24, 2025","Welcome to Rant Wednesday: It’s your time to let your gym/fitness/nutrition related frustrations out!

There is no guiding question to help stir up some rage-feels, feel free to fire at will, ranting about anything and everything that’s been pissing you off or getting on your nerves. Just don't forget that other people are allowed to tell you that your rant is stupid.",47,151,1758704453.0,2025-09-24,9,2025
1rtelus,fitness,Gym Story Saturday,Hi! Welcome to your weekly thread where you can share your gym tales!,46,94,1773478900.0,2026-03-14,3,2026
1qog6t4,fitness,Tri-Annual Protein Megathread,"**Welcome to the Tri-Annual Protein Megathread**
        
This thread is for sharing your favorite brands of protein, whether it be because they're delicious, cheap, high quality, or gave you great service.",48,92,1769526072.0,2026-01-27,1,2026
1qlhi68,fitness,Gym Story Saturday,Hi! Welcome to your weekly thread where you can share your gym tales!,43,65,1769242727.0,2026-01-24,1,2026
1o15d93,fitness,"Rant Wednesday - October 08, 2025","Welcome to Rant Wednesday: It’s your time to let your gym/fitness/nutrition related frustrations out!

There is no guiding question to help stir up some rage-feels, feel free to fire at will, ranting about anything and everything that’s been pissing you off or getting on your nerves. Just don't forget that other people are allowed to tell you that your rant is stupid.",49,95,1759914042.0,2025-10-08,10,2025
1nd93bb,fitness,"Rant Wednesday - September 10, 2025","Welcome to Rant Wednesday: It’s your time to let your gym/fitness/nutrition related frustrations out!

There is no guiding question to help stir up some rage-feels, feel free to fire at will, ranting about anything and everything that’s been pissing you off or getting on your nerves. Just don't forget that other people are allowed to tell you that your rant is stupid.",47,179,1757494851.0,2025-09-10,9,2025
1mahn09,fitness,Victory Sunday,"**Welcome to the Victory Sunday Thread**

It is Sunday, 6:00 am here in the eastern half of Hyder, Alaska. It's time to ask yourself: What was the one, best thing you did on behalf of your fitness this week? What was your Fitness Victory?

**We want to hear about it!**

**So let's hear your fitness Victory this week! Don't forget to upvote your favorite Victories!**",50,63,1753606827.0,2025-07-27,7,2025
1qvklbu,fitness,"Rant Wednesday - February 04, 2026","Welcome to Rant Wednesday: It’s your time to let your gym/fitness/nutrition related frustrations out!

There is no guiding question to help stir up some rage-feels, feel free to fire at will, ranting about anything and everything that’s been pissing you off or getting on your nerves. Just don't forget that other people are allowed to tell you that your rant is stupid.",46,257,1770199254.0,2026-02-04,2,2026
1qgyiqo,fitness,Moronic Monday - Your weekly stupid questions thread,"Get your dunce hats out, Fittit, it's time for your weekly Stupid Questions Thread.

Post your question - stupid or otherwise - here to get an answer. Anyone can post a question and the community as a whole is invited and encouraged to provide an answer. Many questions get submitted late each week that don't get a lot of action, so if your question didn't get answered before, feel free to post it again.

###**As always, be sure to read the [FAQ](https://thefitness.wiki/faq/) first**.

Also, there's a handy-dandy **search bar to your right**, and if you didn't know, you can also use [Google](https://www.google.com/) to search fittit by using the limiter ""site:reddit.com\/r/fitness"".

Be sure to check back often as questions get posted throughout the day.  Lastly, it may be a good idea to sort comments by ""new"" to be sure the newer questions get some love as well. [Click here to sort by new in this thread only.](https://old.reddit.com/r/Fitness/comments/1qgyiqo/moronic_monday_your_weekly_stupid_questions_thread/?sort=new)

So, what's rattling around in your brain this week, Fittit?
 
---

Keep jokes, trolling, and memes outside of the Moronic Monday thread. Please use the downvote / report button when necessary.

---

""Bulk or cut"" type questions are not permitted on /r/fitness - Refer to the FAQ or post them in r/bulkorcut.",43,210,1768810619.0,2026-01-19,1,2026
1kj3qwu,fitness,Gym Story Saturday,Hi! Welcome to your weekly thread where you can share your gym tales!,45,74,1746858425.0,2025-05-10,5,2025
1kgsq3b,fitness,Rant Wednesday,"Welcome to Rant Wednesday: It’s your time to let your gym/fitness/nutrition related frustrations out!

There is no guiding question to help stir up some rage-feels, feel free to fire at will, ranting about anything and everything that’s been pissing you off or getting on your nerves.",44,225,1746608437.0,2025-05-07,5,2025
1s35i2s,fitness,"Rant Wednesday - March 25, 2026","Welcome to Rant Wednesday: It’s your time to let your gym/fitness/nutrition related frustrations out!

There is no guiding question to help stir up some rage-feels, feel free to fire at will, ranting about anything and everything that’s been pissing you off or getting on your nerves. Just don't forget that other people are allowed to tell you that your rant is stupid.",43,187,1774429252.0,2026-03-25,3,2026
1piytpy,fitness,"Rant Wednesday - December 10, 2025","Welcome to Rant Wednesday: It’s your time to let your gym/fitness/nutrition related frustrations out!

There is no guiding question to help stir up some rage-feels, feel free to fire at will, ranting about anything and everything that’s been pissing you off or getting on your nerves. Just don't forget that other people are allowed to tell you that your rant is stupid.",43,169,1765360883.0,2025-12-10,12,2025
1p3o4ra,fitness,Gym Story Saturday,Hi! Welcome to your weekly thread where you can share your gym tales!,42,113,1763799987.0,2025-11-22,11,2025
1o75x76,fitness,"Rant Wednesday - October 15, 2025","Welcome to Rant Wednesday: It’s your time to let your gym/fitness/nutrition related frustrations out!

There is no guiding question to help stir up some rage-feels, feel free to fire at will, ranting about anything and everything that’s been pissing you off or getting on your nerves. Just don't forget that other people are allowed to tell you that your rant is stupid.",44,206,1760518872.0,2025-10-15,10,2025
1nrw0e5,fitness,Tri-Annual Protein Megathread,"**Welcome to the Tri-Annual Protein Megathread**
        
This thread is for sharing your favorite brands of protein, whether it be because they're delicious, cheap, high quality, or gave you great service.",46,80,1758981698.0,2025-09-27,9,2025
1k8zmaw,fitness,Victory Sunday,"**Welcome to the Victory Sunday Thread**

It is Sunday, 6:00 am here in the eastern half of Hyder, Alaska. It's time to ask yourself: What was the one, best thing you did on behalf of your fitness this week? What was your Fitness Victory?

**We want to hear about it!**

**So let's hear your fitness Victory this week! Don't forget to upvote your favorite Victories!**",41,51,1745744426.0,2025-04-27,4,2025
1k7gbxi,fitness,Physique Phriday,"**Welcome to the Physique Phriday thread**

What's the point of having people guess your body fat? Nevermind that it's the most inaccurate method available, (read: most likely way wrong - [see here](http://web.archive.org/web/20130301185720/https://paindatabase.com/body-fat/)) you're still just putting an arbitrary number to the body you have. Despite people's claim that they are shooting for a number, they're really shooting for look - like a six pack.

So let's stopping mucking around with trivialities and get to the heart of the matter. This thread shall serve two purposes:

1. **Physique critiques.** Post some pics and ask about muscles or body parts you need to work on. Or specifically ask about a lagging body part and what exercises worked for others.
2. An outlet for people that want to show off their efforts that would otherwise be removed due to [Rule 4](https://old.reddit.com/r/Fitness/wiki/rules#wiki_rule_.234), and

Let's keep things civil, don't be a creep, and adhere to [Rule 1](http://www.reddit.com/r/Fitness/wiki/rules#wiki_1._hate_speech_and_discriminatory_remarks_are_not_allowed.). This isn't a thread to announce what you find attractive in a mate. Please use the report function for any comments that are out of line.

So phittit, what's your physique pheel like this phriday?",45,32,1745571641.0,2025-04-25,4,2025
1sc27ve,fitness,Gym Story Saturday,Hi! Welcome to your weekly thread where you can share your gym tales!,44,70,1775285457.0,2026-04-04,4,2026
1q3m89u,fitness,Victory Sunday,"**Welcome to the Victory Sunday Thread**

It is Sunday, 6:00 am here in the eastern half of Hyder, Alaska. It's time to ask yourself: What was the one, best thing you did on behalf of your fitness this week? What was your Fitness Victory?

**We want to hear about it!**

**So let's hear your fitness Victory this week! Don't forget to upvote your favorite Victories!**",42,42,1767520840.0,2026-01-04,1,2026
1mb9b7h,fitness,Moronic Monday - Your weekly stupid questions thread,"Get your dunce hats out, Fittit, it's time for your weekly Stupid Questions Thread.

Post your question - stupid or otherwise - here to get an answer. Anyone can post a question and the community as a whole is invited and encouraged to provide an answer. Many questions get submitted late each week that don't get a lot of action, so if your question didn't get answered before, feel free to post it again.

###**As always, be sure to read the [FAQ](https://thefitness.wiki/faq/) first**.

Also, there's a handy-dandy **search bar to your right**, and if you didn't know, you can also use [Google](https://www.google.com/) to search fittit by using the limiter ""site:reddit.com\/r/fitness"".

Be sure to check back often as questions get posted throughout the day.  Lastly, it may be a good idea to sort comments by ""new"" to be sure the newer questions get some love as well. [Click here to sort by new in this thread only.](https://old.reddit.com/r/Fitness/comments/1mb9b7h/moronic_monday_your_weekly_stupid_questions_thread/?sort=new)

So, what's rattling around in your brain this week, Fittit?
 
---

Keep jokes, trolling, and memes outside of the Moronic Monday thread. Please use the downvote / report button when necessary.

---

""Bulk or cut"" type questions are not permitted on /r/fitness - Refer to the FAQ or post them in r/bulkorcut.",43,205,1753685920.0,2025-07-28,7,2025
1possul,fitness,"Rant Wednesday - December 17, 2025","Welcome to Rant Wednesday: It’s your time to let your gym/fitness/nutrition related frustrations out!

There is no guiding question to help stir up some rage-feels, feel free to fire at will, ranting about anything and everything that’s been pissing you off or getting on your nerves. Just don't forget that other people are allowed to tell you that your rant is stupid.",42,149,1765965653.0,2025-12-17,12,2025
1oizhi6,fitness,"Rant Wednesday - October 29, 2025","Welcome to Rant Wednesday: It’s your time to let your gym/fitness/nutrition related frustrations out!

There is no guiding question to help stir up some rage-feels, feel free to fire at will, ranting about anything and everything that’s been pissing you off or getting on your nerves. Just don't forget that other people are allowed to tell you that your rant is stupid.",41,172,1761728456.0,2025-10-29,10,2025
1k71syr,weightlifting,I cleaned 95 kg today!,100 is next goal 🥰🤝 BW 57! ,3196,121,1745524724.0,2025-04-24,4,2025
1pjhjdt,weightlifting,"Dong catching during snatch pulls, what's the fix?","I've notice this happens when I wear loose fitting shorts or joggers. Almost all my workout pants have ripped crotch seams. My hookgrip training shorts are fine. I don't typically wear compression shorts under just regular boxer briefs. 

Is this a technique diff or clothing issue? I would like to not be in pain anymore.",2931,570,1765407942.0,2025-12-10,12,2025
1kdt0x5,weightlifting,Olivia Reeves - 182 kg x10 - Squats,,2405,194,1746279036.0,2025-05-03,5,2025
1otuw0d,weightlifting,"Olivia Reeves (USA,77KG) 227KG Squat",,2293,136,1762820493.0,2025-11-11,11,2025
1oihvwi,weightlifting,83.5kg clean PR,,2289,84,1761677380.0,2025-10-28,10,2025
1p3qrqb,weightlifting,Holy fuck i CJ:d 2 blues,BW 56,1788,66,1763810112.0,2025-11-22,11,2025
1ofvpzr,weightlifting,Strength of Will by Italian Giulia Imperio,,1668,37,1761409395.0,2025-10-25,10,2025
1sb8r1k,weightlifting,My weightlifting Journey From 2020 to 2026,"My weightlifting Journey From 2020 to 2026.

bodyweight: 58kg to 75kg",1566,118,1775208254.0,2026-04-03,4,2026
1na6cv8,weightlifting,The Real Joy of Weightlifting - Fighting Gravity,,1533,24,1757181927.0,2025-09-06,9,2025
1kzf04v,weightlifting,87.4kg —&gt; 71kg Lets talk nutrition and c*tting for weightlifting.,Feel free to ask questions if you have them. I’m happy to share insights about my journey dropping 16.4kg while maintaining strength to hit new PR’s (body weight to lifts relative) to help others. ,1520,521,1748637965.0,2025-05-30,5,2025
1ny46a6,weightlifting,"Kim Il-gyong world record, no lift. Good to see that the IWF is working extra hard to make the already unpopular sport even worse for the viewers. Great job really.","This is getting ridiculous at this point. Tian Tao is lucky he ain't competing anymore, a jury like this would no lift all his attempts. 

I really don't see what was the point here (apart from middle fingering North Korea), taking away a last lift WR for such a ridiculous reason while people with actual oscillation get away with it. Rahmat is lucky that at the Asians the jury wasn't as stupid as they were. I guess Baby Tao is sweating heavily right now..",1482,168,1759608697.0,2025-10-04,10,2025
1kk8y2e,weightlifting,200 kg Backsquat for 10 reps.,210 is on the Horizon 🙏,1449,93,1746991211.0,2025-05-11,5,2025
1rued9k,weightlifting,My Recent 288 kg Heavy Back Squat,,1319,236,1773582161.0,2026-03-15,3,2026
1oa4sjt,weightlifting,Mattie Rogers - 140 kg Clean &amp; Jerk,,1290,23,1760815470.0,2025-10-18,10,2025
1m79tt2,weightlifting,Finally hit 100kg in the Backsquat,"I was really grinding through it, but as soon as I got a above 90 degrees, I knew I had it 🥹🥳",1260,110,1753278712.0,2025-07-23,7,2025
1lmsjm7,weightlifting,FINALLY! 100 kg front squat,BW 57!,1260,65,1751132115.0,2025-06-28,6,2025
1kpogov,weightlifting,210 KG x 10 squat. Finally.,,1232,89,1747586978.0,2025-05-18,5,2025
1mbxjqm,weightlifting,165kg x 10 Squat @80kg bw,,1198,84,1753749888.0,2025-07-29,7,2025
1l8nlkx,weightlifting,SARAH DAVIES SHOWS WHAT GRIT LOOKS LIKE!,,1163,21,1749631477.0,2025-06-11,6,2025
1n3yffr,weightlifting,93 kg CJ PR!,BW 57 ,1138,32,1756550435.0,2025-08-30,8,2025
1kusvi2,weightlifting,Idk if this is allowed but it seems like it fits,,1136,19,1748142948.0,2025-05-25,5,2025
1sj8n05,weightlifting,70 kg snatch PR,With a BW of 56! Been chasing this for so long ,1064,38,1775981655.0,2026-04-12,4,2026
1k0j6i8,weightlifting,Saara Retulainen Shows What Real Heart Looks Like,,1063,51,1744806489.0,2025-04-16,4,2025
1k2uzvq,weightlifting,My dad at the worlds masters games for Olympic weightlifting,He got bronze and met so many people from all over the world,1015,14,1745065205.0,2025-04-19,4,2025
1qomm6v,weightlifting,Just finally did it! (100kg snatch),"just hit my first 100kg snatch, really happy that i did it after a lot of hard work! i know form really needs to get better but the year is just beggining!! lets go!

Also, weightlifting its not my main sport, crossfit is. even tho the weightlifting part is my favorite lol",1009,54,1769539555.0,2026-01-27,1,2026
1nmpyjs,weightlifting,170kg Paused Back Squat @72 BW,,1007,401,1758455595.0,2025-09-21,9,2025
1lm8pmk,weightlifting,Hampton Morris hits 187kg CJ at Nationals 71kg class,,1008,53,1751067868.0,2025-06-27,6,2025
1k0xs50,weightlifting,"Olivia Reeves (71KG,USA) Unofficial WR Snatch 123KG and WR 275KG Total",,993,49,1744843657.0,2025-04-16,4,2025
1k8d3d6,weightlifting,Mattie Rogers -135 Kg - clean &amp; jerk,,986,43,1745674513.0,2025-04-26,4,2025
1lhchtl,weightlifting,"Olivia Reeves (USA, 71KG) 155KG Clean and Jerk World Record Tie",,955,40,1750556842.0,2025-06-22,6,2025
1keo3ww,weightlifting,Lifetime Goal Achievement - Back Squat 200kg PB (+10kg),,939,260,1746376657.0,2025-05-04,5,2025
1o1kadb,weightlifting,[Worlds 2025] Olivia Reeves - 155kg C&amp;J - triple WR,"Successful 155kg C&amp;J on her 3rd attempt, for a clean sweep of the Snatch/C&amp;J/Total world records.

Scoreboard in the comments.",899,39,1759951476.0,2025-10-08,10,2025
1mi7swx,weightlifting,273kg back squat,Finally hit a long time goal! ,895,77,1754396845.0,2025-08-05,8,2025
1k0zm51,weightlifting,Kolbi Ferguson 227 kg clean and jerk at National Team camp - 4kg over the American record,,896,69,1744848920.0,2025-04-17,4,2025
1kdhg5i,weightlifting,170KG PR,I want to hit 183kg by the end of the year. Any advice welcomed. ,894,154,1746235937.0,2025-05-03,5,2025
1kj7z68,weightlifting,Greens to reds!,,886,29,1746876149.0,2025-05-10,5,2025
1p36d8l,weightlifting,60kg strict press pr,,877,63,1763749806.0,2025-11-21,11,2025
1m03g0g,weightlifting,"Hampton Morris (65KG,USA) 181KG Clean and Jerk World Record",,871,30,1752539276.0,2025-07-15,7,2025
1posyb8,weightlifting,Rayya Howard - Snatch Work at American Open Training Hall,,860,53,1765966230.0,2025-12-17,12,2025
1qsjndz,weightlifting,"Olivia Reeves (USA,77KG) 156KG C&amp;J Unofficial World Record",,831,23,1769906753.0,2026-02-01,2,2026
1lwq4j5,weightlifting,Front Squats for days,115kg FS and 105kg Pause FS back in my Cal Strength days 🥹,828,103,1752186225.0,2025-07-10,7,2025
1mrdmji,weightlifting,Yep,,817,10,1755299482.0,2025-08-15,8,2025
1n6qaqr,weightlifting,"Olivia Reeves (77KG,USA) Unofficial Snatch and Total World Records",,801,28,1756835190.0,2025-09-02,9,2025
1mwexlo,weightlifting,1 year of lifting - from 0 to 200kg total,"Just wanted to get out of my online shy bubble to share some of my training joy. I started weightlifting in August 2024, signed up to a club and the grind started. So last Monday I did a little meet format ‘anniversary’ session for myself where I took my dream milestone 200kg total. 90kg snatch (+4kg PR) and a 110kg clean and jerk (equaling the PR). Without exaggeration, picking up this sport was one of the best decisions of my life, loving every second of it. 
Video consists of some early fails and tripping over an empty bar, to the PRs and followed by the warmup lifts 😀
I know things are not perfect here but this is the amount of technique I managed to gather in that time, basically a summary of that 1 year. It’s not really a form check post but if you have any valuable insight for some critical errors u see feel free to drop it! Thanks a lot! ",751,54,1755791783.0,2025-08-21,8,2025
1nsk8fz,weightlifting,Kendrick Farris - 215kg Clean &amp; Jerk,One of the most accomplished lifters to come out of the USA Kendrick Farris clean &amp; squat jerk 215kg.,745,31,1759052614.0,2025-09-28,9,2025
1sarfdu,weightlifting,Masters World Record M40 71kg,I’ve attempted world records in two other weight classes 159@81 and 164@89 and failed the jerks. The snatches were unattainable so I decided to lose 16kg over 600 days and go all in for all 3 records as a 71. Mission accomplished with this 20 year old standing record of 148kg!,726,42,1775158710.0,2026-04-02,4,2026
1rj3ei8,weightlifting,230kg High Bar (No Belt No Sleevs),,726,51,1772481563.0,2026-03-02,3,2026
1op3uh5,weightlifting,175 kg back squats,,724,100,1762351739.0,2025-11-05,11,2025
1klx2h8,weightlifting,"Michael (14y, 67bw) - 80kg Snatch",This was his first 80kg after a program where he was mostly working with 70-75. ,715,37,1747169506.0,2025-05-13,5,2025
1k3jds8,weightlifting,"Caden Cahoy (-73kg/USA, 21yo) with 200kg C&amp;J",,707,40,1745143850.0,2025-04-20,4,2025
1q2r5vb,weightlifting,184/405 clean and squat jerk,,711,80,1767435299.0,2026-01-03,1,2026
1sczdbi,weightlifting,Olivia Reeves at Arnold – that 160 kg attempt is coming…,,709,28,1775381724.0,2026-04-05,4,2026
1ke3evi,weightlifting,91 kg CJ PR!,,710,24,1746307019.0,2025-05-03,5,2025
1qsk1hm,weightlifting,"Kolbi Ferguson (USA,110+) 232KG C&amp;J",,700,35,1769907776.0,2026-02-01,2,2026
1pw8pfc,weightlifting,Carlos Nasar Visual Analysis,"A neat video from Dr. Justin Hodges, I thought some would find this neat. 

“An insanely cool demo combining Al and computer vision (company: Raidyn), dynamics (software: LMSD), and biomechanical impact modeling (company: Classified Cycling) by Bart Blockmans. ""At the core is a flexible multibody model of the barbell that feeds into a combined state-input-parameter estimator to infer the forces applied to the bar. With accurate barbell forces, GREs can be estimated swith higher precision than methods based isolely on accelerations derived from video. In addition, the model unlocks a virtually unlimited supply of synthetic training data for the Al model, ensuring robust segmentation of barbell motion and deformation.""

https://www.tiktok.com/@dr.justin.hodges?\_r=1&amp;\_t=ZT-92Y4OpblLE7",689,30,1766767475.0,2025-12-26,12,2025
1mo2xoe,weightlifting,Dmitry Klokov 200kg Pause Snatch (2015 World Championships - Houston USA),An iconic lift from 2015 with Dmitry Klokov pause snatching 200kg in the Worlds training hall,681,51,1754986560.0,2025-08-12,8,2025
1lhk951,weightlifting,140kg Clean and Jerk pr at 72kg,,675,47,1750586064.0,2025-06-22,6,2025
1k568w0,weightlifting,Mattie Rogers - 100 Kg snatch triple,,667,32,1745328331.0,2025-04-22,4,2025
1ncl8nl,weightlifting,"My daughter starting ""coaching"" the neighbors","Apparently, my 7-year-old decided to put on her own weightlifting seminar for the neighbors this weekend 💪

... and yes, I'm jealous! ",670,25,1757429952.0,2025-09-09,9,2025
1n4omzk,weightlifting,115 kg! Finally a double BW squat,,663,39,1756625771.0,2025-08-31,8,2025
1osql7s,weightlifting,First 100 kg Snatch,,652,25,1762712556.0,2025-11-09,11,2025
1skt7wu,weightlifting,Your Resident Master with a mega 10 rep Front Squat,I’m probably more proud of this squat than I am of my performance over the weekend at Masters Nationals. This is 5kg off my best ever from 7 years ago. I have not felt this strong since my late 30’s.,654,80,1776126812.0,2026-04-14,4,2026
1mv97ij,weightlifting,"Pyross Dimas - 213kg Clean &amp; Jerk - 1996 Olympic Games (Atlanta, Georgia, USA)","Taking it back nearly 30 years with this clip from the 1996 Olympic Games in Atlanta, Georgia, USA. Pyross Dimas took yet another gold for Greece with this absolutely incredible 213kg clean &amp; jerk",655,25,1755679054.0,2025-08-20,8,2025
1sh2wgq,weightlifting,84kg Snatch at 60kg bodyweight,A nice snatch from training I wanted to share!,650,26,1775770062.0,2026-04-09,4,2026
1ndmkm3,weightlifting,Reminiscing of when I used to lift,"Back in 2015 when I was still lifting. 
124kg at 61.9kg bodyweight.

This was the first double bodyweight snatch in Britain for about 30-35 years. One of my favourite pics of me lifting ever! ",651,44,1757529587.0,2025-09-10,9,2025
1lpp2as,weightlifting,"On my way to become quad god, 200kg Squat at 65kg BW",,644,74,1751439052.0,2025-07-02,7,2025
1m162vh,weightlifting,Maybe I'm actually just a crossfiter,Or maybe I just suck. Could be both,634,56,1752650092.0,2025-07-16,7,2025
1mq651b,weightlifting,Tian Tao 320kg Back Squat,Only in a Chinese weightlifting gym will you see such an underwhelming reaction to a massive 320kg back squat,630,33,1755190292.0,2025-08-14,8,2025
1mde6s8,weightlifting,Guys I finally did it. Made the 100kg!,,624,39,1753899609.0,2025-07-30,7,2025
1o8ld4j,weightlifting,"Finally secured a property for our Olympic weightlifting gym in El Monte (SGV, Los Angeles)!","Hi everyone, it’s been a long journey, but we finally secured a property in El Monte, right in the San Gabriel Valley (Los Angeles) area — conveniently located just 2–6 minutes from the 60, 10, and 605 freeway exits.

We’re estimating an official opening in about a month, with a soft open in 2–3 weeks.

The plan is to start with 8 platforms, and as the gym grows, convert the layout into 3 longer lanes for more training space. The actual training area is around 1,100 sqft, so it’s not huge — meaning we can’t fit every type of machine or accessory just yet.

If you were a lifter coming to train here, what kind of equipment or setup would you like to see besides barbells and bumper plates? Things like jerk blocks, lat pulldown, glute-ham developer, or something else entirely?

We’d love to hear your thoughts — what makes a training space feel complete for you?
Also, feel free to DM us or stop by while we’re building the place to say hi and check out the progress. Would be great to meet you all in the area. 💪",627,65,1760656447.0,2025-10-16,10,2025
1kvrf3d,weightlifting,190kg Snatch,,591,32,1748256709.0,2025-05-26,5,2025
1q6gla1,weightlifting,240 kg. Calm under pressure.,,597,21,1767795653.0,2026-01-07,1,2026
1mm0xgy,weightlifting,Today is a good day to not have balls!,,590,35,1754775205.0,2025-08-09,8,2025
1nngaed,weightlifting,MY 260 KG JERK ATTEMPT,,591,15,1758527173.0,2025-09-22,9,2025
1pcxox8,weightlifting,Progress,"Just wanted to share my progress on my front squat :) I’ve posted before about my Erbs Palsy (damaged nerves, shorter arm, etc.) but wanted to share my win today on finding a 5RM 😊. Well, coach says it’s definitely not a true 5RM but we’ll get there. I’ve been working on learning how to breathe properly and we’ve been working on strengthen my back more (since my right side is weaker, my back is pretty weak but a lot stronger since starting out) but yeah anyway, hope everyone had a great thanksgiving!!",572,47,1764746138.0,2025-12-03,12,2025
1roh30z,weightlifting,"Olivia Reeves (USA,77KG) 125KG Unofficial Snatch World Record",,570,24,1773005409.0,2026-03-08,3,2026
1p2e24r,weightlifting,Shi Zhiyong's Last Lift,(Not my own video. Saw it online so thought to share here.),564,30,1763670357.0,2025-11-20,11,2025
1kby8td,weightlifting,86kg snatch pr,"86kg @ 68kg
advice appreciated!",558,53,1746066784.0,2025-05-01,5,2025
1pak1uz,weightlifting,Epic C&amp;J fail by Ukrainian Iryna Dombrovska,,560,61,1764514170.0,2025-11-30,11,2025
1kn0j6r,weightlifting,140x20 Squat,Just to let you guys know im might be getting healthy for real this time lol #aintdeadyet bodyweight around 88kg,552,99,1747287051.0,2025-05-15,5,2025
1sebt4r,weightlifting,Lu Xiaojun - 180kg Snatch @77kg (Training WR +3kg),"Albeit in training, here’s Lu Xiaojun beating a -77kg world record back with 180kg snatch",545,11,1775510037.0,2026-04-06,4,2026
1m6dfet,weightlifting,240kg High Bar Squat,,537,44,1753189161.0,2025-07-22,7,2025
1omgfen,weightlifting,170kg clean and jerk,,535,17,1762087784.0,2025-11-02,11,2025
1l60tep,weightlifting,One of my lifters hit double BW CnJ!,"99kg@49.5kg BW

She’s competing as a 48kg in the upcoming Nats in 3 weeks",533,20,1749347105.0,2025-06-08,6,2025
1p8bpoy,weightlifting,270kg back squat,,527,25,1764273929.0,2025-11-27,11,2025
1oy7d3c,weightlifting,170kg clean and jerk,,529,13,1763252461.0,2025-11-16,11,2025
1mfqidr,weightlifting,108kg snatch PR @ 81kg 41M,Got this on my 5th try. My last PR was more than a year ago with 106kg so this felt goood. Probably one of my closest saves ever.,523,28,1754141181.0,2025-08-02,8,2025
1m55s5k,weightlifting,Tian Tao 233kg Clean &amp;Jerk,Throwback to Tian Tao hitting a PB clean &amp; jerk of 233kg,523,17,1753060864.0,2025-07-21,7,2025
1rl2y5s,weightlifting,180 KG Clean + Front squat + jerk,,515,30,1772671122.0,2026-03-05,3,2026
1pb9wvx,weightlifting,425lb Back Squat Raw,"no matter how hard I train legs, they never seem to get bigger 👎",512,93,1764586840.0,2025-12-01,12,2025
1li2pbv,weightlifting,Mattie Rogers had a TIA (mini-stroke),Per her insta stories. Hope all is ok.,505,178,1750637533.0,2025-06-23,6,2025
1o2eo1w,weightlifting,"[Worlds 2025, 94kg] Karlos Nasar - 222kg C&amp;J WR","Despite placing 4th in the snatch with 173/~~178~~/~~182~~, Karlos climbed back up to gold with a monster 222kg C&amp;J and setting the WR (surpassing the world standard of 221kg). 

No total WR, as the standard was set at 396. 

Scoreboard in comments.",508,45,1760036504.0,2025-10-09,10,2025
1n353o9,weightlifting,"Hampton Morris (65/71KG,USA) 140KG Snatch, 183KG C&amp;J 323KG Total",,504,25,1756467677.0,2025-08-29,8,2025
1nvy86u,weightlifting,Today Marks The Beginning Of The Worlds 2025 In Norway,,501,27,1759393917.0,2025-10-02,10,2025
1pxnnre,weightlifting,Front Squats Might Be the Most Underrated Squat You’re Not Doing,,506,98,1766915509.0,2025-12-28,12,2025
1qlyy4n,weightlifting,Tu Yi (CN) with a 217kg C&amp;J,"Not sure if he is bulking up to 95 or he is ""just"" becoming stronger, but holy hell.. He keeps improving really nicely, hope we'll see him soon in an international comp too.",498,30,1769288862.0,2026-01-24,1,2026
1kgkbuo,weightlifting,90kg snatch pr,,495,40,1746577937.0,2025-05-07,5,2025
1rxcdmb,weightlifting,130kg Pr Weighing 62kg,How to fix the split once dealing with intense weight?,498,23,1773859419.0,2026-03-18,3,2026
1mswy7v,weightlifting,150kg Pause snatch,,497,25,1755451666.0,2025-08-17,8,2025
1r2y1wk,weightlifting,Pre Spring Festival test at the Quanzhou Youth Sports School,Reposted,490,35,1770913856.0,2026-02-12,2,2026
